<?xml version="1.0" encoding="UTF-8"?><rss version="2.0"
	xmlns:content="http://purl.org/rss/1.0/modules/content/"
	xmlns:wfw="http://wellformedweb.org/CommentAPI/"
	xmlns:dc="http://purl.org/dc/elements/1.1/"
	xmlns:atom="http://www.w3.org/2005/Atom"
	xmlns:sy="http://purl.org/rss/1.0/modules/syndication/"
	xmlns:slash="http://purl.org/rss/1.0/modules/slash/"
	>

<channel>
	<title>Short Life</title>
	<atom:link href="/feed" rel="self" type="application/rss+xml" />
	<link>/</link>
	<description></description>
	<lastBuildDate>Wed, 18 Dec 2024 12:48:35 +0000</lastBuildDate>
	<language>en-US</language>
	<sy:updatePeriod>
	hourly	</sy:updatePeriod>
	<sy:updateFrequency>
	1	</sy:updateFrequency>
	<generator>https://wordpress.org/?v=6.6.2</generator>
	<item>
		<title>Paper Io 2</title>
		<link>/play/paper-io-2</link>
					<comments>/play/paper-io-2#respond</comments>
		
		<dc:creator><![CDATA[admin]]></dc:creator>
		<pubDate>Sat, 30 Dec 2023 05:39:01 +0000</pubDate>
				<category><![CDATA[Animal Games]]></category>
		<category><![CDATA[Arcade Games]]></category>
		<category><![CDATA[Best Games]]></category>
		<category><![CDATA[Fan-Favorite Games]]></category>
		<category><![CDATA[Free Games]]></category>
		<category><![CDATA[Funny Games]]></category>
		<category><![CDATA[Incredibox Games]]></category>
		<category><![CDATA[Indie Game]]></category>
		<category><![CDATA[Music Games]]></category>
		<category><![CDATA[Physics Games]]></category>
		<category><![CDATA[Popular Games]]></category>
		<category><![CDATA[Puzzle Solvers]]></category>
		<category><![CDATA[Simulation Games]]></category>
		<category><![CDATA[Top Charts]]></category>
		<category><![CDATA[Trending Games]]></category>
		<category><![CDATA[Weekly Picks Game]]></category>
		<guid isPermaLink="false">https://iotest.com/?p=3560</guid>

					<description><![CDATA[]]></description>
										<content:encoded><![CDATA[]]></content:encoded>
					
					<wfw:commentRss>/play/paper-io-2/feed</wfw:commentRss>
			<slash:comments>0</slash:comments>
		
		
			</item>
	</channel>
</rss>
